<?xml version="1.0" encoding="utf-8"?>
<?xml-stylesheet type="text/xsl" href="rapport.xslt"?>
<jeu:Labyrinthe xmlns:jeu="http://www.univ-grenoble-alpes.fr/l3miage/jeu"
                xmlns:xsi="http://www.w3.org/2001/XMLSchema-instance"
                xsi:schemaLocation="http://www.univ-grenoble-alpes.fr/l3miage/jeu maze.xsd"
                
                colonnes="20"
                lignes="12"
                sortieX="18"
                sortieY="11">
    

    <!-- Position de départ du joueur -->
    <jeu:start x="10" y="5" />

    <!-- Grille du labyrinthe -->
    <jeu:grille>
        <jeu:row>1,1,1,1,1,1,1,1,1,1,1,1,1,1,1,1,1,1,1,1</jeu:row>
        <jeu:row>1,0,0,0,0,0,0,0,3,3,3,0,0,0,0,0,0,0,0,1</jeu:row>
        <jeu:row>1,0,1,1,1,0,1,1,1,0,0,1,1,1,0,1,1,1,0,1</jeu:row>
        <jeu:row>1,0,1,0,0,0,0,0,1,0,0,1,0,0,0,0,0,1,0,1</jeu:row>
        <jeu:row>1,0,1,0,1,1,1,0,1,1,1,1,0,1,1,1,0,1,0,1</jeu:row>
        <jeu:row>1,0,0,0,0,0,0,0,3,0,0,0,0,0,0,0,0,0,0,1</jeu:row>
        <jeu:row>1,0,1,1,1,0,1,1,1,0,0,1,1,1,0,1,1,1,0,1</jeu:row>
        <jeu:row>1,0,0,0,1,0,0,0,1,0,0,1,0,0,0,0,0,1,0,1</jeu:row>
        <jeu:row>1,1,1,0,1,1,1,0,1,1,1,1,0,1,1,1,0,1,0,1</jeu:row>
        <jeu:row>1,0,0,0,0,0,0,0,0,0,0,0,0,3,0,0,0,0,0,1</jeu:row>
        <jeu:row>1,0,0,1,1,1,1,1,1,1,1,1,1,1,1,1,1,1,0,1</jeu:row>
        <jeu:row>1,1,1,1,1,1,1,1,1,1,1,1,1,1,1,1,1,1,2,1</jeu:row>
    </jeu:grille>

    <!-- Fantômes -->
    <jeu:ghosts>
        <jeu:ghost x="10" y="5" />
        <jeu:ghost x="15" y="1" />
    </jeu:ghosts>

</jeu:Labyrinthe>
